Handle,Title,Option1 Name,Option1 Value,Option2 Name,Option2 Value,Option3 Name,Option3 Value,SKU,HS Code,COO,Location,Bin name,Incoming (not editable),Unavailable (not editable),Committed (not editable),Available (not editable),On hand (current),On hand (new)
neon-green-goniopora-coral-euphyllia-lps,Neon Green Goniopora Coral,Title,Default Title,,,,,C1147,,,5300  S Atlantic Ave,,0,0,0,1,1,
pink-stylophora-coral-sps,Pink Stylophora Coral,Title,Default Title,,,,,C1139,,,5300  S Atlantic Ave,,0,0,0,1,1,
wwc-electric-daisy-stylocoenilla-coral-sps,WWC Electric Daisy Stylocoenilla Coral,Title,Default Title,,,,,C1137,,,5300  S Atlantic Ave,,0,0,0,1,1,
ecc-twisted-metal-stylocoenilla-coral-sps,ECC Twisted Metal Stylocoenilla Coral,Title,Default Title,,,,,C1138,,,5300  S Atlantic Ave,,0,0,0,1,1,
yellow-white-daisy-alveopora-coral-goniopora-lps,Yellow white Daisy Alveopora Coral,Title,Default Title,,,,,C1140,,,5300  S Atlantic Ave,,0,0,0,6,6,
jf-day-glo-favities-coral-lps,JF Day Glo Favites Coral,Title,Default Title,,,,,C1144,,,5300  S Atlantic Ave,,0,0,0,1,1,
ecc-ring-of-fire-favites-coral-lps,ECC Ring of Fire Favites Coral,Title,Default Title,,,,,C1144,,,5300  S Atlantic Ave,,0,0,0,1,1,
multi-color-fungia-coral-lps,Multi Color Fungia Coral,Title,Default Title,,,,,C1142,,,5300  S Atlantic Ave,,0,0,0,1,1,
gold-galaxea-coral-lps,Gold Galaxea Coral,Title,Default Title,,,,,C1145,,,5300  S Atlantic Ave,,0,0,0,1,1,
fiji-yellow-toadstool-soft-coral,Fiji Yellow Toadstool,Title,Default Title,,,,,C1146,,,5300  S Atlantic Ave,,0,0,0,2,2,
icey-hot-goniopora-coral-euphyllia-lps,Icey Hot Goniopora Coral,Title,Default Title,,,,,C1148,,,5300  S Atlantic Ave,,0,0,0,1,1,
ecc-aquaman-montipora-coral,ECC Aquaman Montipora Coral,Title,Default Title,,,,,C1079,,,5300  S Atlantic Ave,,0,0,0,2,2,
spudogy-montipor-coral-sps,Spudogy Montipora Coral,Title,Default Title,,,,,C1136,,,5300  S Atlantic Ave,,0,0,0,4,4,
christmas-favia-coral,Christmas Favia Coral,Title,Default Title,,,,,"",,,5300  S Atlantic Ave,,0,0,0,1,1,
aussie-mini-scoly,Aussie Mini Scoly Coral,Title,Default Title,,,,,C1153,,,5300  S Atlantic Ave,,0,0,0,1,1,
aussie-ultra-mini-scoly,Aussie Ultra Mini Scoly Coral,Title,Default Title,,,,,C1158,,,5300  S Atlantic Ave,,0,0,0,1,1,
aussie-ultra-mini-red-scoly,Aussie Ultra Mini Red Scoly Coral,Title,Default Title,,,,,C1154,,,5300  S Atlantic Ave,,0,0,0,1,1,
ecc-sunflower-goniopora,Ecc Sunflower Goniopora,Title,Default Title,,,,,C1162,,,5300  S Atlantic Ave,,0,0,0,1,1,
cfc-bounce-mushroom-coral,CFC Bounce Mushroom Coral,Title,Default Title,,,,,C1181,,,5300  S Atlantic Ave,,0,0,0,1,1,
cfc-ricordia-mushroom-coral,CFC Ricordia Mushroom Coral,Title,Default Title,,,,,C1182,,,5300  S Atlantic Ave,,0,0,0,1,1,
indo-trachy-coral,Indo Trachy Coral,Title,Default Title,,,,,C1156,,,5300  S Atlantic Ave,,0,0,0,1,1,
orange-green-acan-coral,Orange Green Acan Coral,Title,Default Title,,,,,C1183,,,5300  S Atlantic Ave,,0,0,0,1,1,
elegance-cone-coral,Elegance Cone Coral,Title,Default Title,,,,,C1149,,,5300  S Atlantic Ave,,0,0,0,1,1,
green-fox-coral,Green Fox Coral,Title,Default Title,,,,,C1150,,,5300  S Atlantic Ave,,0,0,0,1,1,
disco-ultra-mushroom-coral,Disco Ultra Mushroom Coral,Title,Default Title,,,,,C1151,,,5300  S Atlantic Ave,,0,0,0,1,1,
indo-bubble-cynarina-coral,Indo Bubble Coral,Title,Default Title,,,,,C1185,,,5300  S Atlantic Ave,,0,0,0,1,1,
indo-cynarina-coral,Indo Cynarina Coral,Title,Default Title,,,,,C1155,,,5300  S Atlantic Ave,,0,0,0,1,1,
fiji-wild-acro-coral-colony,Fiji Wild Acro Coral,Title,Default Title,,,,,C1157,,,5300  S Atlantic Ave,,0,0,0,1,1,
ecc-gold-rush-favia-coral,ECC Gold Rush Favia Coral,Title,Default Title,,,,,C1160,,,5300  S Atlantic Ave,,0,0,0,1,1,
ecc-fireworks-acro,ECC Fireworks Acro Coral,Title,Default Title,,,,,C1163,,,5300  S Atlantic Ave,,0,0,0,1,1,
western-aussie-torch-coral,Western Aussie Torch Coral,Title,Default Title,,,,,"",,,5300  S Atlantic Ave,,0,0,0,1,1,
ultra-disco-mushroom-coral,Ultra Disco Mushroom Coral,Title,Default Title,,,,,C1151,,,5300  S Atlantic Ave,,0,0,0,1,1,
ultra-yuma-ricordea-mushroom-coral,Ultra Yuma Ricordea Coral,Title,Default Title,,,,,c1180,,,5300  S Atlantic Ave,,0,0,0,1,1,
ecc-kiawano-rhodactis-coral,ECC Kiawano Rhodactis Mushroom Coral,Title,Default Title,,,,,"",,,5300  S Atlantic Ave,,0,0,0,1,1,
ecc-birds-of-paradise-birdsnest-coral,ECC Birds of Paradise Birdsnest Coral,Title,Default Title,,,,,C1163,,,5300  S Atlantic Ave,,0,0,0,2,2,
ecc-gatorade-zoanthid-coral,ECC Gatorade Zoanthid Coral,Title,Default Title,,,,,C1172,,,5300  S Atlantic Ave,,0,0,0,1,1,
ecc-lakers-zoas-coral,ECC Lakers Zoas Coral,Title,Default Title,,,,,C1173,,,5300  S Atlantic Ave,,0,0,0,1,1,
ecc-sakura-zoa-coral,ECC Sakura Zoa Coral,Title,Default Title,,,,,C1167,,,5300  S Atlantic Ave,,0,0,0,1,1,
ecc-blueberry-zoas-coral,ECC Blueberry Zoanthids Coral,Title,Default Title,,,,,C1165,,,5300  S Atlantic Ave,,0,0,0,1,1,
cc-starlighter-zoa-coral,CC Starlighter Zoa Coral,Title,Default Title,,,,,C1166,,,5300  S Atlantic Ave,,0,0,0,1,1,
ecc-red-hornet-zoa-coral,ECC Red Hornet Zoa Coral,Title,Default Title,,,,,"",,,5300  S Atlantic Ave,,0,0,0,1,1,
ecc-mister-twister-zoa-coral,ECC Mister Twister Zoa Coral,Title,Default Title,,,,,C1169,,,5300  S Atlantic Ave,,0,0,0,1,1,
ecc-eagle-eye-zoa-coral,ECC Eagle Eye Zoa Coral,Title,Default Title,,,,,"",,,5300  S Atlantic Ave,,0,0,0,1,1,
ecc-mandarian-zoa-coral,ECC Mandarian Zoa Coral,Title,Default Title,,,,,C1171,,,5300  S Atlantic Ave,,0,0,0,1,1,
ecc-bob-marley-zoa-coral,ECC Bob Marley Zoa Coral,Title,Default Title,,,,,"",,,5300  S Atlantic Ave,,0,0,0,1,1,
ecc-black-bella-zoa-coral,ECC Black Bella Zoa Coral,Title,Default Title,,,,,C1175,,,5300  S Atlantic Ave,,0,0,0,1,1,
ecc-fruitopia-zoa-coral,ECC Fruitopia Zoa Coral,Title,Default Title,,,,,C1176,,,5300  S Atlantic Ave,,0,0,0,1,1,
miyagi-tort-acro-coral,Miyagi Tort Acro Coral,Title,Default Title,,,,,C1161,,,5300  S Atlantic Ave,,0,0,0,1,1,
ecc-rainbow-loom-acro-coral,ECC Rainbow Loom Acro Coral,Title,Default Title,,,,,C1159,,,5300  S Atlantic Ave,,0,0,0,1,1,
arc-proximo-acro-coral,ARC Proximo Acro Coral,Title,Default Title,,,,,"",,,5300  S Atlantic Ave,,0,0,0,1,1,
wwc-aoi-zoanthid-coral-zoas-soft,WWC AOI Zoanthid Coral,Title,Default Title,,,,,C1090,,,5300  S Atlantic Ave,,0,0,0,1,1,
branching-duncan-coral-lps,Branching Duncan Coral,Title,Default Title,,,,,C1091,,,5300  S Atlantic Ave,,0,0,0,0,0,
indo-hammer-coral-lps-euphyllia-coral,Indo Hammer Coral,Title,Default Title,,,,,C1092,,,5300  S Atlantic Ave,,0,0,0,1,1,
green-galaxea-coral-lps,Green Galaxea Coral,Title,Default Title,,,,,C1093,,,5300  S Atlantic Ave,,0,0,0,3,3,
pipe-organ-coral-soft,Pipe Organ Coral,Title,Default Title,,,,,C1094,,,5300  S Atlantic Ave,,0,0,0,4,4,
pink-birdsnest-coral-anacropora-sps,Pink Birdsnest Coral,Title,Default Title,,,,,C1095,,,5300  S Atlantic Ave,,0,0,0,0,0,
black-candelabra-gorgonian-coral-soft,Black Candelabra Gorgonian Coral,Title,Default Title,,,,,C1096,,,5300  S Atlantic Ave,,0,0,0,2,2,
indo-green-cabbage-coral,Indo Green Cabbage Coral,Title,Default Title,,,,,C1097,,,5300  S Atlantic Ave,,0,0,0,3,3,
banana-clove-polyp-coral-soft,Banana Clove Polyp Coral *,Title,Default Title,,,,,T1069,,,5300  S Atlantic Ave,,0,0,0,3,3,
green-stylophora-coral-sps,Green Stylophora Coral,Title,Default Title,,,,,C1010,,,5300  S Atlantic Ave,,0,0,0,4,4,
yellow-green-frogspawn-coral,Yellow Green Frogspawn Coral,Title,Default Title,,,,,C1013,,,5300  S Atlantic Ave,,0,0,0,2,2,
cfc-red-chalice-coral-sps,CFC Red Chalice Coral,Title,Default Title,,,,,C1099,,,5300  S Atlantic Ave,,0,0,0,4,4,
tsa-the-fuzz-acropora-coral-sps,TSA The Fuzz Acropora Coral,Title,Default Title,,,,,C1100,,,5300  S Atlantic Ave,,0,0,0,4,4,
neon-orange-psammocora-coral-sps,Neon Orange Psammocora Coral,Title,Default Title,,,,,C1101,,,5300  S Atlantic Ave,,0,0,0,5,5,
cfc-acropora-coral-sps,CFC Acropora Coral,Title,Default Title,,,,,C1102,,,5300  S Atlantic Ave,,0,0,0,3,3,
multi-color-wilsoni-coral,Multi Color Wilsoni Coral,Title,Default Title,,,,,C1104,,,5300  S Atlantic Ave,,0,0,0,1,1,
indo-purple-goniopora-coral-lps,Indo Purple Goniopora Coral,Title,Default Title,,,,,C1104,,,5300  S Atlantic Ave,,0,0,0,5,5,
aussie-neon-green-trachy-coral-lps,Aussie Neon Green Trachy Coral,Title,Default Title,,,,,C1105,,,5300  S Atlantic Ave,,0,0,0,1,1,
aussie-ultra-scolymia-coral-euphyilla,Aussie Ultra Scolymia Coral,Title,Default Title,,,,,C1106,,,5300  S Atlantic Ave,,0,0,0,1,1,
aussie-red-blue-acan-lord-colony-coral,Aussie Red Blue Acan Colony Coral,Title,Default Title,,,,,C1108,,,5300  S Atlantic Ave,,0,0,0,1,1,
aussie-chalice-coral-sps,Aussie Chalice Coral,Title,Default Title,,,,,C1108,,,5300  S Atlantic Ave,,0,0,0,1,1,
green-fiji-acropora-coral-sps,Green Fiji Acropora Coral,Title,Default Title,,,,,C1109,,,5300  S Atlantic Ave,,0,0,0,2,2,
fluted-moon-coral-lps-favia,Fluted Moon Coral,Title,Default Title,,,,,C1110,,,5300  S Atlantic Ave,,0,0,0,2,2,
blasto-merletti-coral-lps,Blasto Merletti Coral,Title,Default Title,,,,,C1111,,,5300  S Atlantic Ave,,0,0,0,1,1,
neon-green-helmet-fungia-coral-lps,Neon Green Helmet Fungia Coral,Title,Default Title,,,,,C1112,,,5300  S Atlantic Ave,,0,0,0,1,1,
ecc-ppe-blastomussa-merletti-coral-lps,ECC PPE Blastomussa Merletti Coral,Title,Default Title,,,,,C1113,,,5300  S Atlantic Ave,,0,0,0,1,1,
ecc-blind-eye-blastomussa-merletti-coral-lps,ECC Blind Eye Blastomussa Merletti Coral,Title,Default Title,,,,,C1114,,,5300  S Atlantic Ave,,0,0,0,1,1,
blue-alveopora-coral-lps,Blue Alveopora Coral,Title,Default Title,,,,,C1115,,,5300  S Atlantic Ave,,0,0,0,0,0,
indo-neon-green-hammer-coral-lps,Indo Neon Green Hammer Coral,Title,Default Title,,,,,C1116,,,5300  S Atlantic Ave,,0,0,0,3,3,
green-goniopora-coral-lps,Green Goniopora Coral,Title,Default Title,,,,,C1117,,,5300  S Atlantic Ave,,0,0,0,4,4,
aussie-shortcake-acropora-coral-sps,Strawberry Shortcake Acropora Coral,Title,Default Title,,,,,C1119,,,5300  S Atlantic Ave,,0,0,0,2,2,
ecc-time-warp-goniopora-coral-lps,ECC Time Warp Goniopora Coral,Title,Default Title,,,,,C1120,,,5300  S Atlantic Ave,,0,0,0,2,2,
ecc-pink-lemon-drop-goniopora-coral-lps,ECC Pink Lemon Drop Goniopora Coral,Title,Default Title,,,,,C1121,,,5300  S Atlantic Ave,,0,0,0,2,2,
shelf-duncan-coral,Shelf Duncan Coral,Title,Default Title,,,,,C1122,,,5300  S Atlantic Ave,,0,0,0,3,3,
beige-goniopora-coral-lps,Beige Goniopora Coral,Title,Default Title,,,,,C1123,,,5300  S Atlantic Ave,,0,0,0,4,4,
deep-green-acropora-coral,Deep Green Acropora Coral,Title,Default Title,,,,,C1124,,,5300  S Atlantic Ave,,0,0,0,2,2,
yellow-submarine-zoanthid-corals-soft,Yellow Submarine Zoanthid Coral,Title,Default Title,,,,,C1126,,,5300  S Atlantic Ave,,0,0,0,1,1,
gb-avatar-chalice-coral-lps,GB Avatar Chalice Coral,Title,Default Title,,,,,"",,,5300  S Atlantic Ave,,0,0,0,1,1,
jf-fruity-pebbles-montipora-coral,JF Fruity Pebbles Montipora Coral,Title,Default Title,,,,,C1127,,,5300  S Atlantic Ave,,0,0,0,1,1,
doughboy-mushroom-coral,Doughboy Mushroom Coral,Title,Default Title,,,,,"",,,5300  S Atlantic Ave,,0,0,0,1,1,
blue-tip-goniopora-coral-saltwater-lps,Blue Tip Goniopora Coral,Title,Default Title,,,,,C1131,,,5300  S Atlantic Ave,,0,0,0,4,4,
green-toadstool-coral-soft,Green Toadstool Coral,Title,Default Title,,,,,C1132,,,5300  S Atlantic Ave,,0,0,0,1,1,
aci-honeysuckle-goniopora-coral-lps,ACI Honeysuckle Goniopora Coral *,Title,Default Title,,,,,T1070,,,5300  S Atlantic Ave,,0,0,0,2,2,
grape-sparkles-goniopora-coral-salt-water-lps,Grape Sparkles Goniopora Coral *,Title,Default Title,,,,,T1071,,,5300  S Atlantic Ave,,0,0,0,2,2,
minty-fresh-goniopora-coral-salt-water-lps,Minty Fresh Goniopora Coral *,Title,Default Title,,,,,T1072,,,5300  S Atlantic Ave,,0,0,0,2,2,
spiderverse-goniopora-coral-salt-water-lps,Spiderverse Goniopora Coral *,Title,Default Title,,,,,T1072,,,5300  S Atlantic Ave,,0,0,0,2,2,
tsa-laffy-taffy-goniopora-coral-salt-water-lps,TSA Laffy Taffy Goniopora Coral *,Title,Default Title,,,,,T1074,,,5300  S Atlantic Ave,,0,0,0,3,3,
oregon-tort-acropora-coral-sps,Oregon Tort Acropora Coral,Title,Default Title,,,,,C1132,,,5300  S Atlantic Ave,,0,0,0,1,1,
aqua-delight-acropora-coral-sps,Aqua Delight Acropora Coral,Title,Default Title,,,,,C1133,,,5300  S Atlantic Ave,,0,0,0,1,1,
orange-ade-blastomussa-coral-lps,Orange Ade Blastomussa Coral,Title,Default Title,,,,,C1134,,,5300  S Atlantic Ave,,0,0,0,1,1,
astrea-snails,Astrea Snails *,Title,Default Title,,,,,T3002,,,5300  S Atlantic Ave,,0,0,0,10,10,
blue-knuckle-hermit-crab-invert,Blue Knuckle Hermit Crab *,Title,Default Title,,,,,T3003,,,5300  S Atlantic Ave,,0,0,0,5,5,
blue-knuckle-hermit-crab-invertebrates,Red Hairy Leg Hermit Crab *,Title,Default Title,,,,,T3004,,,5300  S Atlantic Ave,,0,0,0,3,3,
feather-duster-invertebrates,Feather Duster *,Title,Default Title,,,,,T3005,,,5300  S Atlantic Ave,,0,0,0,3,3,
margarita-snail-invertebrate,Margarita Snail *,Title,Default Title,,,,,T3006,,,5300  S Atlantic Ave,,0,0,0,5,5,
blue-leg-hermit-crab-invertebrates,Blue Leg Hermit Crab *,Title,Default Title,,,,,T3007,,,5300  S Atlantic Ave,,0,0,0,20,20,
mardi-gras-cyphastrea-coral-sps,Mardi Gras Cyphastrea Coral *,Title,Default Title,,,,,T1053,,,5300  S Atlantic Ave,,0,0,0,3,3,
bling-bling-cyphastrea-coral-sps,Bling Bling Cyphastrea Coral *,Title,Default Title,,,,,T1054,,,5300  S Atlantic Ave,,0,0,0,2,2,
hot-lava-cyphastrea-coral-sps,Hot Lava Cyphastrea Coral *,Title,Default Title,,,,,T1055,,,5300  S Atlantic Ave,,0,0,0,2,2,
sand-dollar-porites-coral-sps,Sand Dollar Porites Coral *,Title,Default Title,,,,,T1056,,,5300  S Atlantic Ave,,0,0,0,4,4,
gladis-palythoa-coral-soft-palys,Gladis Palythoa Coral *,Title,Default Title,,,,,T1057,,,5300  S Atlantic Ave,,0,0,0,3,3,
yellow-submarine-favia-coral-lps,Yellow Submarine Favia Coral *,Title,Default Title,,,,,T1058,,,5300  S Atlantic Ave,,0,0,0,1,1,
charizard-dipsastrea-coral-favia,Charizard Dipsastrea Coral *,Title,Default Title,,,,,T1059,,,5300  S Atlantic Ave,,0,0,0,2,2,
dark-purple-protopaly-coral-soft-palys,Dark Purple Protopaly Coral *,Title,Default Title,,,,,T1060,,,5300  S Atlantic Ave,,0,0,0,3,3,
space-invader-pectinia-coral-lps,Space Invader Pectinia Coral *,Title,Default Title,,,,,T1061,,,5300  S Atlantic Ave,,0,0,0,2,2,
rainbow-sherbet-acropora-coral-sps,TSA Rainbow Sherbet Acropora Coral  *,Title,Default Title,,,,,T1062,,,5300  S Atlantic Ave,,0,0,0,3,3,
tft-spine-tingler-acropora-coral-sps,Pink Cadillac Acropora Coral *,Title,Default Title,,,,,T1063,,,5300  S Atlantic Ave,,0,0,0,2,2,
jf-jack-o-lantern-leptoseris-coral,JF Jack o Lantern Leptoseris Coral  *,Title,Default Title,,,,,T1064,,,5300  S Atlantic Ave,,0,0,0,2,2,
nirvana-zoanthid-coral-zoas-soft,Nirvana Zoanthid Coral *,Title,Default Title,,,,,T1068,,,5300  S Atlantic Ave,,0,0,0,2,2,
green-slimmer-acropora-coral-sps,Green Slimmer Acropora Coral,Title,Default Title,,,,,C1011,,,5300  S Atlantic Ave,,0,0,0,2,2,
stellar-stylophora-coral,Stellar Stylophora coral,Title,Default Title,,,,,"",,,5300  S Atlantic Ave,,0,0,0,0,0,
hollywood-nights-goniopora-coral-lps,Hollywood Nights Goniopora Coral,Title,Default Title,,,,,C1054,,,5300  S Atlantic Ave,,0,0,0,0,0,
green-octospawn-coral-euphyllia-lps,Green Octospawn Coral,Title,Default Title,,,,,C1008,,,5300  S Atlantic Ave,,0,0,0,2,2,
gold-nugget-hammer-coral-euphyllia-lps,Gold Nugget Hammer Coral,Title,Default Title,,,,,C1014,,,5300  S Atlantic Ave,,0,0,0,2,2,
21-tails-torch-coral-lps,21 Tails Torch Coral  *,Title,Default Title,,,,,T1022,,,5300  S Atlantic Ave,,0,0,0,2,2,
indo-pectinia-coral-lps,Indo Pectinia Coral,Title,Default Title,,,,,C1056,,,5300  S Atlantic Ave,,0,0,0,1,1,
aussie-multi-color-goniopora-coral-lps,Aussie Multi Color Goniopora Coral,Title,Default Title,,,,,C1057,,,5300  S Atlantic Ave,,0,0,0,1,1,
aussie-red-rim-chalice-coral-sps,Aussie Red Rim Chalice Coral,Title,Default Title,,,,,C1058,,,5300  S Atlantic Ave,,0,0,0,1,1,
waving-hand-anthelia-coral-soft,Waving Hand Anthelia Coral,Title,Default Title,,,,,C1059,,,5300  S Atlantic Ave,,0,0,0,3,3,
ecc-dragon-tamer-chalice-lps-coral,ECC Dragon Tamer Chalice Coral,Title,Default Title,,,,,C1064,,,5300  S Atlantic Ave,,0,0,0,1,1,
ecc-frost-fire-chalice-coral-lps,ECC Frost Fire Chalice Coral,Title,Default Title,,,,,C1065,,,5300  S Atlantic Ave,,0,0,0,1,1,
ecc-molten-meteor-cyphastrea-coral-sps,ECC Molten Meteor Cyphastrea Coral,Title,Default Title,,,,,C1067,,,5300  S Atlantic Ave,,0,0,0,2,2,
ecc-drogon-cyphastrea-coral-sps,ECC Drogon Cyphastrea Coral,Title,Default Title,,,,,C1068,,,5300  S Atlantic Ave,,0,0,0,2,2,
ecc-prometheus-hammer-coral-lps,ECC Prometheus Hammer Coral,Title,Default Title,,,,,c1069,,,5300  S Atlantic Ave,,0,0,0,1,1,
ecc-dark-knight-hammer-coral-euphyllia-lps,ECC Dark Knight Hammer Coral,Title,Default Title,,,,,C1070,,,5300  S Atlantic Ave,,0,0,0,1,1,
ecc-hazy-days-favites-coral-lps,ECC Hazy Days Favites Coral,Title,Default Title,,,,,C1071,,,5300  S Atlantic Ave,,0,0,0,2,2,
ecc-falcon-favia-coral-lps,ECC Falcon Favia Coral,Title,Default Title,,,,,C1072,,,5300  S Atlantic Ave,,0,0,0,2,2,
ecc-flame-boy-favia-coral-lps,ECC Flame Boy Favia Coral,Title,Default Title,,,,,C1074,,,5300  S Atlantic Ave,,0,0,0,1,1,
ecc-fascination-favia-coral-sps,ECC Fascination Favia Coral,Title,Default Title,,,,,C1075,,,5300  S Atlantic Ave,,0,0,0,1,1,
ecc-hypo-tango-favia-coral-lps,ECC Hypo Tango Favia Coral,Title,Default Title,,,,,C1076,,,5300  S Atlantic Ave,,0,0,0,2,2,
ecc-yellow-passion-galaxea-coral-lps,ECC Yellow Passion Galaxea Coral,Title,Default Title,,,,,C1077,,,5300  S Atlantic Ave,,0,0,0,2,2,
bubblegum-digitata-montipora-coral-sps,Bubblegum Digitata Montipora Coral,Title,Default Title,,,,,C1004,,,5300  S Atlantic Ave,,0,0,0,4,4,
ecc-love-shack-montipora-coral,ECC Love Shack Montipora Coral,Title,Default Title,,,,,C1080,,,5300  S Atlantic Ave,,0,0,0,2,2,
tsa-candy-corn-clove-polyps-coral-soft,TSA Candy Corn Clove Polyps Coral,Title,Default Title,,,,,C1082,,,5300  S Atlantic Ave,,0,0,0,2,2,
ecc-cookies-and-cream-cauliflower-coral-pocillopora,ECC Cookies and Cream Cauliflower Coral,Title,Default Title,,,,,C1083,,,5300  S Atlantic Ave,,0,0,0,3,3,
ecc-starlight-cespitularia-coral-soft,ECC Starlight Cespitularia Coral,Title,Default Title,,,,,C1084,,,5300  S Atlantic Ave,,0,0,0,3,3,
ecc-plasma-cutter-zoanthid-coral-soft,ECC Plasma Cutter Zoanthid Coral,Title,Default Title,,,,,C1086,,,5300  S Atlantic Ave,,0,0,0,1,1,
ecc-shatterfield-zoanthid-coral-zoas-soft,ECC Shatterfield Zoanthid Coral,Title,Default Title,,,,,C1087,,,5300  S Atlantic Ave,,0,0,0,2,2,
ecc-blow-pops-zoanthid-coral-zoas-soft,ECC Blow Pops Zoanthid Coral,Title,Default Title,,,,,C1088,,,5300  S Atlantic Ave,,0,0,0,2,2,
ecc-laser-lemon-zoanthid-coral-zoas-soft,ECC Laser Lemon Zoanthid Coral,Title,Default Title,,,,,C1089,,,5300  S Atlantic Ave,,0,0,0,1,1,
ny-knicks-torch-coral-lps,Knicks Torch Coral,Title,Default Title,,,,,C1029,,,5300  S Atlantic Ave,,0,0,0,1,1,
holy-grail-indo-torch-coral-ls,Holy Grail Indo Torch Coral,Title,Default Title,,,,,C1030,,,5300  S Atlantic Ave,,0,0,0,1,1,
hellfire-gold-torch-coral-euphyllia-lps,Hellfire Gold Torch Coral,Title,Default Title,,,,,C1052,,,5300  S Atlantic Ave,,0,0,0,1,1,
superman-mushroom-coral,Superman Mushroom Coral,Title,Default Title,,,,,C1032,,,5300  S Atlantic Ave,,0,0,0,1,1,
murder-hornet-zoanthid-coral-zoas-soft,Murder Hornet Zoanthid Coral,Title,Default Title,,,,,C1033,,,5300  S Atlantic Ave,,0,0,0,1,1,
azz-krak-zoanthid-coral-zoanthid-soft,Azz Krak Zoanthid Coral,Title,Default Title,,,,,C1034,,,5300  S Atlantic Ave,,0,0,0,1,1,
blue-hornet-zoanthid-coral-zoas-soft,Blue Hornet Zoanthid Coral,Title,Default Title,,,,,C1035,,,5300  S Atlantic Ave,,0,0,0,1,1,
aphrodite-zoanthid-coral,Aphrodite Zoanthid Coral,Title,Default Title,,,,,C1037,,,5300  S Atlantic Ave,,0,0,0,1,1,
yellow-goniopora-coral,Yellow Goniopora Coral,Title,Default Title,,,,,C1039,,,5300  S Atlantic Ave,,0,0,0,3,3,
garden-of-eden-goniopora-coral-lps,Garden of Eden Goniopora Coral,Title,Default Title,,,,,C1040,,,5300  S Atlantic Ave,,0,0,0,1,1,
yellow-candy-cane-coral-lps,Yellow Candy Cane Coral,Title,Default Title,,,,,C1041,,,5300  S Atlantic Ave,,0,0,0,3,3,
white-candy-cane-coral-lps,White Candy Cane Coral,Title,Default Title,,,,,C1043,,,5300  S Atlantic Ave,,0,0,0,3,3,
cabbage-leather-cfc,Cabbage Leather CFC need pic,Title,Default Title,,,,,C1044,,,5300  S Atlantic Ave,,0,0,0,1,1,
frogskin-acropora-coral-sps,Frogskin Acropora Coral,Title,Default Title,,,,,C1044,,,5300  S Atlantic Ave,,0,0,0,3,3,
tricolor-valida-acropora-coral-sps,Tricolor Valida Acropora Coral,Title,Default Title,,,,,C1045,,,5300  S Atlantic Ave,,0,0,0,1,1,
dan-ackroyd-acropora-coral,Dan Ackroyd Acropora Coral,Title,Default Title,,,,,C1046,,,5300  S Atlantic Ave,,0,0,0,1,1,
little-red-ferrari-acropora-coral-sps,Little Red Ferrari Acropora Coral *,Title,Default Title,,,,,T1023,,,5300  S Atlantic Ave,,0,0,0,2,2,
ora-pink-blush-acropora-coral-sps,ORA Pink Blush Acropora Coral  *,Title,Default Title,,,,,T1024,,,5300  S Atlantic Ave,,0,0,0,2,2,
richs-unknown-acropora-coral-sps,Rich's Unknown Acropora Coral *,Title,Default Title,,,,,T1025,,,5300  S Atlantic Ave,,0,0,0,2,2,
valhalla-acropora-coral-sps,Valhalla Acropora Coral *,Title,Default Title,,,,,T1026,,,5300  S Atlantic Ave,,0,0,0,2,2,
aci-fire-and-ice-zoanthid-coral-soft,ACI Fire and Ice Zoanthid Coral *,Title,Default Title,,,,,T1027,,,5300  S Atlantic Ave,,0,0,0,2,2,
daisy-cutter-zoanthid-coral-soft,Daisy Cutter Zoanthid Coral *,Title,Default Title,,,,,T1028,,,5300  S Atlantic Ave,,0,0,0,1,1,
emerald-city-zoanthid-coral-soft,Emerald City Zoanthid Coral *,Title,Default Title,,,,,T1030,,,5300  S Atlantic Ave,,0,0,0,2,2,
jf-jungle-juice-zoanthid-coral-zoas,JF Jungle Juice Zoanthid Coral  *,Title,Default Title,,,,,T1031,,,5300  S Atlantic Ave,,0,0,0,1,1,
king-midas-zoanthid-coral-zoas-soft,ECC King Midas Zoanthid Coral,Title,Default Title,,,,,C1175,,,5300  S Atlantic Ave,,0,0,0,2,2,
rainbow-infusion-zoanthid-coral-zoas-coral,Rainbow Infusion Zoanthid Coral *,Title,Default Title,,,,,T1033,,,5300  S Atlantic Ave,,0,0,0,2,2,
tft-agave-zoanthid-coral-zoas-soft,TFT Agave Zoanthid Coral  *,Title,Default Title,,,,,T1034,,,5300  S Atlantic Ave,,0,0,0,4,4,
wow-acropora-coral-sps,Wow Acropora Coral,Title,Default Title,,,,,C1050,,,5300  S Atlantic Ave,,0,0,0,3,3,
green-sunfire-monti-cfc,Green Sunfire Monti  CFC   need pic,Title,Default Title,,,,,C1051,,,5300  S Atlantic Ave,,0,0,0,3,3,
bizarro-cyphastrea-coral-sps,Bizarro Cyphastrea Coral *,Title,Default Title,,,,,T1035,,,5300  S Atlantic Ave,,0,0,0,2,2,
tft-pico-de-gallo-acropora-coral-sps,TFT Pico de Gallo Acropora Coral *,Title,Default Title,,,,,T1036,,,5300  S Atlantic Ave,,0,0,0,2,2,
prism-favia-coral-lps,Prism Favia Coral *,Title,Default Title,,,,,T1037,,,5300  S Atlantic Ave,,0,0,0,2,2,
neon-green-purple-favia-coral-lps,Neon Green Purple Favia Coral *,Title,Default Title,,,,,T1038,,,5300  S Atlantic Ave,,0,0,0,1,1,
aci-pumpkin-echinata-coral,ACI Pumpkin Echinata Coral  *,Title,Default Title,,,,,T1065,,,5300  S Atlantic Ave,,0,0,0,1,1,
sunset-stylocoeniella-coral-sps,Sunset Stylocoeniella Coral *,Title,Default Title,,,,,T1039,,,5300  S Atlantic Ave,,0,0,0,2,2,
black-widow-anemone,Black Widow Anemone  *,Title,Default Title,,,,,T1041,,,5300  S Atlantic Ave,,0,0,0,2,2,
rainbow-bubbletip-anemone,Rainbow Bubbletip Anemone *,Title,Default Title,,,,,T1042,,,5300  S Atlantic Ave,,0,0,0,3,3,
wwc-stellaria-chalice-coral-lps,WWC Stellaria Chalice Coral *,Title,Default Title,,,,,T1043,,,5300  S Atlantic Ave,,0,0,0,2,2,
sunfire-grafted-montipora-coral-sps,Sunfire Grafted Montipora Coral *,Title,Default Title,,,,,T1044,,,5300  S Atlantic Ave,,0,0,0,2,2,
wwc-grafted-montipora-coral,WWC Grafted Montipora Coral *,Title,Default Title,,,,,T1052,,,5300  S Atlantic Ave,,0,0,0,2,2,
green-goblin-anacoropora-coral-sps,Green Goblin Anacropora Coral  *,Title,Default Title,,,,,T1045,,,5300  S Atlantic Ave,,0,0,0,2,2,
blue-green-toadstool-soft-coral,Blue Green Toadstool Coral *,Title,Default Title,,,,,T1046,,,5300  S Atlantic Ave,,0,0,0,4,4,
jf-punch-drunk-zoanthid-coral,JF Punch Drunk Zoanthid Coral *,Title,Default Title,,,,,T1048,,,5300  S Atlantic Ave,,0,0,0,1,1,
stunner-chalice-coral-lps,Stunner Chalice Coral *,Title,Default Title,,,,,T1051,,,5300  S Atlantic Ave,,0,0,0,2,2,
tft-blue-bomber-zoanthid-coral,TFT Blue Bomber Zoanthid Coral  *,Title,Default Title,,,,,T1049,,,5300  S Atlantic Ave,,0,0,0,2,2,
aci-lorax-zoanthid-coral-soft-zoas,ACI Lorax Zoanthid Coral  *,Title,Default Title,,,,,T1050,,,5300  S Atlantic Ave,,0,0,0,2,2,
reef-adhesive,Reef Adhesive,Title,Default Title,,,,,T2001,,,5300  S Atlantic Ave,,0,0,0,5,5,
hydroplex-dry-goods,Hydroplex,Title,Default Title,,,,,"",,,5300  S Atlantic Ave,,0,0,0,2,2,
aquastix-epoxy,Aquastix epoxy Adhesive *,Title,Default Title,,,,,T2003,,,5300  S Atlantic Ave,,0,0,0,2,2,
turbo-snail-invertebrate,Turbo Snail *,Title,Default Title,,,,,T3001,,,5300  S Atlantic Ave,,0,0,0,10,10,
birdsnest-coral,Birdsnest Coral,Title,Default Title,,,,,C1002,,,5300  S Atlantic Ave,,0,0,0,1,1,
candy-cane-trumpet-lps-coral-caulastrea,Purple Candy Cane Coral,Title,Default Title,,,,,C1042,,,5300  S Atlantic Ave,,0,0,0,3,3,
clove-polyps-soft-coral,Fireworks Clove Polyp Coral,Title,Default Title,,,,,C1019,,,5300  S Atlantic Ave,,0,0,0,0,0,
bi-color-hammer-coral-lps-euphyllia,Bi Color Hammer Coral *,Title,Default Title,,,,,T1040,,,5300  S Atlantic Ave,,0,0,0,2,2,
green-star-polyps-soft-coral,Green Star Polyps,Title,Default Title,,,,,C1017,,,5300  S Atlantic Ave,,0,0,0,5,5,
green-hammer-lps-euphyllia-coral,Green Hammer Coral,Title,Default Title,,,,,C1009,,,5300  S Atlantic Ave,,0,0,0,2,2,
aci-eyes-of-horus-hydnophora-coral,ACI Eyes of Horus Hydnophora Coral *,Title,Default Title,,,,,T1067,,,5300  S Atlantic Ave,,0,0,0,1,1,
stylo-stylophora-coral-sps,Blue Stylophora Coral,Title,Default Title,,,,,C1010,,,5300  S Atlantic Ave,,0,0,0,5,5,
trochus-snails-invertebrates,Trochus snails,Title,Default Title,,,,,C1016,,,5300  S Atlantic Ave,,0,0,0,20,20,
green-digitata-coral-montipora-sps,Green Digitata Coral,Title,Default Title,,,,,C1003,,,5300  S Atlantic Ave,,0,0,0,4,4,
tsa-banger-acropora-coral-sps,TSA Banger Acropora Coral,Title,Default Title,,,,,C1001,,,5300  S Atlantic Ave,,0,0,0,5,5,
green-anacropora-coral-sps,Green Anacropora Coral,Title,Default Title,,,,,C1002,,,5300  S Atlantic Ave,,0,0,0,10,10,
space-invader-chalice-sps-coral,Space Invader Chalice Coral,Title,Default Title,,,,,C1018,,,5300  S Atlantic Ave,,0,0,0,5,5,
ora-grubes-gorgonian-coral,ORA Grube's Gorgonian Coral *,Title,Default Title,,,,,T1019,,,5300  S Atlantic Ave,,0,0,0,3,3,
24k-leptoseris-coral-sps,24K Leptoseris Coral *,Title,Default Title,,,,,T1020,,,5300  S Atlantic Ave,,0,0,0,2,2,
aci-gunnar-the-galaxea-coral-lps,ACI Gunnar the Galaxea Coral *,Title,Default Title,,,,,T1013,,,5300  S Atlantic Ave,,0,0,0,2,2,
blue-raven-blastomussa-coral,Blue Raven Blastomussa Coral *,Title,Default Title,,,,,T1009,,,5300  S Atlantic Ave,,0,0,0,2,2,
bob-marley-zoas-coral-soft-zoanthids,Bob Marley Zoanthid Coral *,Title,Default Title,,,,,T1018,,,5300  S Atlantic Ave,,0,0,0,2,2,
jf-burning-banana-stylocoeniella-coral-sps,JF Burning Banana Stylocoeniella Coral *,Title,Default Title,,,,,T1008,,,5300  S Atlantic Ave,,0,0,0,2,2,
tsa-frozen-apples-zoas-coral-soft,TSA Frozen Apples Zoas Coral *,Title,Default Title,,,,,T1017,,,5300  S Atlantic Ave,,0,0,0,2,2,
grafted-red-green-digitata-coral-montipora-sps,WWC Contraband Grafted Digitata Coral *,Title,Default Title,,,,,T1003,,,5300  S Atlantic Ave,,0,0,0,2,2,
green-mother-acropora-coral-sps,Green Acropora Coral *,Title,Default Title,,,,,T1002,,,5300  S Atlantic Ave,,0,0,0,4,4,
hot-pink-cyphastrea-coral-sps,Hot Pink Cyphastrea Coral  *,Title,Default Title,,,,,T1011,,,5300  S Atlantic Ave,,0,0,0,2,2,
tsa-gamma-knife-hydnophora-coral-sps,TSA Gamma Knife Hydnophora Coral *,Title,Default Title,,,,,T1014,,,5300  S Atlantic Ave,,0,0,0,3,3,
jedi-mind-trick-montipora-coral-sps,WWC Jedi Mind Trick Montipora Coral *,Title,Default Title,,,,,T1005,,,5300  S Atlantic Ave,,0,0,0,3,3,
kenya-tree-leather-coral-soft,Kenya Tree Leather Coral,Title,Default Title,,,,,C1081,,,5300  S Atlantic Ave,,0,0,0,3,3,
tft-kracken-chalice-coral-lps,TFT Kracken Chalice Coral *,Title,Default Title,,,,,T1010,,,5300  S Atlantic Ave,,0,0,0,3,3,
aci-manila-spy-montipora-coral-sps,ACI Manila Spy Montipora Coral  *,Title,Default Title,,,,,T1004,,,5300  S Atlantic Ave,,0,0,0,3,3,
miyagi-tortousa-acropora-coral-sps,Miyagi Tortuosa Acropora Coral  *,Title,Default Title,,,,,T1001,,,5300  S Atlantic Ave,,0,0,0,3,3,
outerspace-psammocora-coral-sps,OuterSpace Psammocora Coral *,Title,Default Title,,,,,T1006,,,5300  S Atlantic Ave,,0,0,0,3,3,
pink-constellation-zoanthid-coral-soft,Pink Constellation Zoanthid Coral *,Title,Default Title,,,,,T1016,,,5300  S Atlantic Ave,,0,0,0,2,2,
piranha-plant-zoanthid-coral-zoanthids,Piranha Plant Zoanthid Coral *,Title,Default Title,,,,,T1066,,,5300  S Atlantic Ave,,0,0,0,2,2,
rainbow-psammocora-coral-sps,Rainbow Psammocora Coral *,Title,Default Title,,,,,T1007,,,5300  S Atlantic Ave,,0,0,0,2,2,
aci-crazy-eyes-chalice-coral-lps,ACI Crazy Eyes Chalice Coral *,Title,Default Title,,,,,T1012,,,5300  S Atlantic Ave,,0,0,0,2,2,
green-eye-zoanthid-coral-zoa,Green Eye Zoanthid Coral,Title,Default Title,,,,,C1053,,,5300  S Atlantic Ave,,0,0,0,5,5,
green-bay-packers-zoanthid-coral-soft,Green Bay Packers Zoanthid Coral,Title,Default Title,,,,,C1006,,,5300  S Atlantic Ave,,0,0,0,6,6,
wwc-salted-agave-zoanthid-coral-zoas-soft,WWC Salted Agave Zoanthid Coral  *,Title,Default Title,,,,,T1021,,,5300  S Atlantic Ave,,0,0,0,2,2,
red-yellow-goniopora-coral-goni-lps,Red Yellow Goniopora Coral,Title,Default Title,,,,,C1038,,,5300  S Atlantic Ave,,0,0,0,0,0,
x-rated-goniopora-coral-goni-lps,X rated Goniopora Coral,Title,Default Title,,,,,C1022,,,5300  S Atlantic Ave,,0,0,0,2,2,
green-duncan-coral-lps,Green Duncan Coral,Title,Default Title,,,,,C1024,,,5300  S Atlantic Ave,,0,0,0,2,2,
purple-tip-hammer-coral-lps,Purple Tip Hammer Coral,Title,Default Title,,,,,C1025,,,5300  S Atlantic Ave,,0,0,0,2,2,
holy-grail-variant-torch-coral-lps,Holy Grail Variant Torch Coral,Title,Default Title,,,,,C1026,,,5300  S Atlantic Ave,,0,0,0,1,1,
24-carat-gold-torch-coral-lps,24 Carat Gold Torch Coral,Title,Default Title,,,,,C1027,,,5300  S Atlantic Ave,,0,0,0,3,3,
tsa-insanity-torch-coral,TSA Insanity Torch Coral,Title,Default Title,,,,,C1028,,,5300  S Atlantic Ave,,0,0,0,1,1,
